-- 澄明录测试数据（列名全部加引号，对应 EF Core PascalCase）
-- DBeaver 直接执行，不需要手动 BEGIN/COMMIT

-- ── Tags ─────────────────────────────────────────────────────────────────────
INSERT INTO tags ("Id", "Name", "Slug") VALUES
  ('a1000000-0000-0000-0000-000000000001', '技术',     'tech'),
  ('a1000000-0000-0000-0000-000000000002', '编程',     'programming'),
  ('a1000000-0000-0000-0000-000000000003', '哲学',     'philosophy'),
  ('a1000000-0000-0000-0000-000000000004', '读书',     'reading'),
  ('a1000000-0000-0000-0000-000000000005', '知识管理', 'knowledge-management')
ON CONFLICT DO NOTHING;

-- ── Articles ──────────────────────────────────────────────────────────────────
INSERT INTO articles
  ("Id", "Slug", "Title", "Summary", "Body", "PublishedAt", "CreatedAt", "UpdatedAt")
VALUES

('b1000000-0000-0000-0000-000000000001',
 'code-as-understanding', '以代码理解世界',
 '编程不只是职业技能，更是一种认知框架——当你能把一个问题写成代码，你才真正理解了它。',
 E'## 代码是思维的显影液\n\n费曼曾说："如果你不能向别人解释清楚，说明你自己还没真正理解。" 我想补充：**如果你不能把它写成代码，你可能也没真正理解。**\n\n编程强迫你消歧义。自然语言允许模糊，代码不允许。\n\n## 例子：排序\n\n大多数人知道"排序"是什么意思，但写一个稳定排序算法时，你会发现自己对"顺序"的理解有多少空洞。\n\n```csharp\n// 这一行背后隐藏了多少假设？\nlist.Sort();\n```\n\n## 结语\n\n把阅读的书、思考的问题，试着写成伪代码。那些写不出来的地方，就是你还没想清楚的地方。',
 NOW() - INTERVAL '30 days', NOW() - INTERVAL '30 days', NOW() - INTERVAL '30 days'),

('b1000000-0000-0000-0000-000000000002',
 'knowledge-graph-method', '知识图谱的构建方法',
 '节点是概念，边是关系，图是理解。如何从零开始构建个人知识图谱？',
 E'## 为什么需要知识图谱\n\n线性笔记的问题：知识天然是网状的，但我们用线性结构存储它，导致大量隐性联系丢失。\n\n## 三个核心原则\n\n1. **原子化**：每个节点只表达一个概念\n2. **双向链接**：A 关联 B 即 B 关联 A\n3. **渐进完善**：随着理解加深不断补充边\n\n图谱的价值不在节点数量，而在边的密度。',
 NOW() - INTERVAL '25 days', NOW() - INTERVAL '25 days', NOW() - INTERVAL '25 days'),

('b1000000-0000-0000-0000-000000000003',
 'blazor-modern-web', 'Blazor 与现代 Web 开发',
 'C# 全栈开发的可能性——Blazor Static SSR 如何在服务端渲染和交互性之间找到平衡？',
 E'## 我为什么选 Blazor\n\n三年前我写过大量 React。它很强大，但 JavaScript 生态碎片化让我疲惫。当我发现 Blazor 可以用 C# 写 UI，性能和 SEO 都不输时，我决定认真试一试。\n\n## Static SSR 的优雅\n\n默认服务端渲染，页面直出 HTML，SEO 友好，首屏极快。只在需要交互的地方才引入 Interactive 模式。这是正确的默认值。\n\n## 还有什么不足\n\n生态还不够成熟，社区资源远不如 React。但对于个人项目，这已经足够。',
 NOW() - INTERVAL '20 days', NOW() - INTERVAL '20 days', NOW() - INTERVAL '20 days'),

('b1000000-0000-0000-0000-000000000004',
 'postgresql-relational-thinking', 'PostgreSQL 与关系型思维',
 '关系型数据库不只是存储工具，它背后是一种对世界的建模方式——每张表都是一个命题。',
 E'## 关系模型的本质\n\nCodd 在 1970 年提出关系模型时，背后是严谨的数学基础：谓词逻辑。一张表不是"数据的集合"，而是一个**命题的真值表**。\n\n## 约束即业务规则\n\n```sql\nALTER TABLE reading_trace\n  ADD CONSTRAINT CK_event_fields CHECK (\n    "EventType" = ''insight''\n    OR ("EventType" = ''new_article'' AND "ArticleId" IS NOT NULL)\n  );\n```\n\n这不只是数据校验，这是在数据库层面编码业务不变量。比应用层校验更可靠。',
 NOW() - INTERVAL '18 days', NOW() - INTERVAL '18 days', NOW() - INTERVAL '18 days'),

('b1000000-0000-0000-0000-000000000005',
 'thinking-fast-and-slow-notes', '读书笔记：思考，快与慢',
 '卡尼曼的双系统理论如何改变了我对"理性"的理解——我们以为自己在思考，其实大多数时候在联想。',
 E'## 系统一与系统二\n\n- **系统一**：快速、自动、无意识。直觉在这里运作。\n- **系统二**：慢速、费力、有意识。逻辑推理在这里运作。\n\n## 最触动我的实验\n\n> 球棒和球共 1.1 元，球棒比球贵 1 元，球多少钱？\n\n大多数人直觉答 0.1 元。系统一的流畅但错误的答案（正确是 0.05 元）。\n\n## 对知识管理的启示\n\n笔记时要有意激活系统二：不要只是"复制"，要"解释"——用自己的话重新表达。',
 NOW() - INTERVAL '15 days', NOW() - INTERVAL '15 days', NOW() - INTERVAL '15 days'),

('b1000000-0000-0000-0000-000000000006',
 'personal-knowledge-system', '个人知识管理系统',
 '我花了三年时间折腾各种笔记工具，最后发现：系统不重要，连接才重要。',
 E'## 工具的陷阱\n\n我用过 Notion、Obsidian、Roam、Logseq、Bear……每次迁移都消耗大量时间。\n\n真正的问题不是工具，而是**没有养成"写完就链接"的习惯**。\n\n## 我现在的系统\n\n1. 读到有价值的内容 → 写一段自己的理解（不超过 200 字）\n2. 立刻想：这和我已经写过的哪篇笔记有关？\n3. 建立链接，写一句话说明为什么关联\n\n就这三步。工具不重要。',
 NOW() - INTERVAL '10 days', NOW() - INTERVAL '10 days', NOW() - INTERVAL '10 days'),

('b1000000-0000-0000-0000-000000000007',
 'functional-programming-philosophy', '函数式编程的哲学',
 '纯函数、不可变性、组合——这不只是编程范式，更是一种对副作用保持警惕的世界观。',
 E'## 副作用是 Bug 的温床\n\n大多数难以复现的 Bug，都藏在隐式状态里。函数式编程的核心主张：把副作用推到系统边界，让核心逻辑保持纯粹。\n\n## 纯函数\n\n```fsharp\nlet add x y = x + y  // 相同输入永远得到相同输出\n```\n\n纯函数可以并行、可以缓存、可以随意组合，因为它没有"历史"。\n\n## 与斯多葛哲学的连接\n\n斯多葛讲"控制二分法"：区分你能控制的和不能控制的。函数式编程在做同样的事。',
 NOW() - INTERVAL '5 days', NOW() - INTERVAL '5 days', NOW() - INTERVAL '5 days')

ON CONFLICT DO NOTHING;

-- ── Article Tags ──────────────────────────────────────────────────────────────
INSERT INTO article_tags ("ArticleId", "TagId") VALUES
  ('b1000000-0000-0000-0000-000000000001', 'a1000000-0000-0000-0000-000000000002'),
  ('b1000000-0000-0000-0000-000000000001', 'a1000000-0000-0000-0000-000000000003'),
  ('b1000000-0000-0000-0000-000000000002', 'a1000000-0000-0000-0000-000000000005'),
  ('b1000000-0000-0000-0000-000000000002', 'a1000000-0000-0000-0000-000000000001'),
  ('b1000000-0000-0000-0000-000000000003', 'a1000000-0000-0000-0000-000000000001'),
  ('b1000000-0000-0000-0000-000000000003', 'a1000000-0000-0000-0000-000000000002'),
  ('b1000000-0000-0000-0000-000000000004', 'a1000000-0000-0000-0000-000000000001'),
  ('b1000000-0000-0000-0000-000000000004', 'a1000000-0000-0000-0000-000000000002'),
  ('b1000000-0000-0000-0000-000000000005', 'a1000000-0000-0000-0000-000000000004'),
  ('b1000000-0000-0000-0000-000000000005', 'a1000000-0000-0000-0000-000000000003'),
  ('b1000000-0000-0000-0000-000000000006', 'a1000000-0000-0000-0000-000000000005'),
  ('b1000000-0000-0000-0000-000000000007', 'a1000000-0000-0000-0000-000000000002'),
  ('b1000000-0000-0000-0000-000000000007', 'a1000000-0000-0000-0000-000000000003')
ON CONFLICT DO NOTHING;

-- ── Article Manual Links ──────────────────────────────────────────────────────
INSERT INTO article_manual_links
  ("Id", "FromArticleId", "ToArticleId", "RelationNote", "CreatedAt")
VALUES
  (gen_random_uuid(),
   'b1000000-0000-0000-0000-000000000001', 'b1000000-0000-0000-0000-000000000007',
   '都在探讨编程作为思维工具', NOW()),
  (gen_random_uuid(),
   'b1000000-0000-0000-0000-000000000001', 'b1000000-0000-0000-0000-000000000003',
   '以代码理解世界的具体实践', NOW()),
  (gen_random_uuid(),
   'b1000000-0000-0000-0000-000000000002', 'b1000000-0000-0000-0000-000000000006',
   '图谱是知识管理的核心工具', NOW()),
  (gen_random_uuid(),
   'b1000000-0000-0000-0000-000000000002', 'b1000000-0000-0000-0000-000000000004',
   'PostgreSQL 直接支撑图谱存储', NOW()),
  (gen_random_uuid(),
   'b1000000-0000-0000-0000-000000000003', 'b1000000-0000-0000-0000-000000000004',
   '同一个项目的技术栈', NOW()),
  (gen_random_uuid(),
   'b1000000-0000-0000-0000-000000000005', 'b1000000-0000-0000-0000-000000000006',
   '系统二思考对应主动笔记策略', NOW()),
  (gen_random_uuid(),
   'b1000000-0000-0000-0000-000000000005', 'b1000000-0000-0000-0000-000000000007',
   '理性与直觉的权衡', NOW());

-- ── Reading Traces ────────────────────────────────────────────────────────────
INSERT INTO reading_trace
  ("Id", "EventType", "ArticleId", "Note", "OccurredAt")
VALUES
  (gen_random_uuid(), 'new_article', 'b1000000-0000-0000-0000-000000000001', NULL, NOW() - INTERVAL '30 days'),
  (gen_random_uuid(), 'new_article', 'b1000000-0000-0000-0000-000000000002', NULL, NOW() - INTERVAL '25 days'),
  (gen_random_uuid(), 'new_article', 'b1000000-0000-0000-0000-000000000003', NULL, NOW() - INTERVAL '20 days'),
  (gen_random_uuid(), 'new_article', 'b1000000-0000-0000-0000-000000000004', NULL, NOW() - INTERVAL '18 days'),
  (gen_random_uuid(), 'new_article', 'b1000000-0000-0000-0000-000000000005', NULL, NOW() - INTERVAL '15 days'),
  (gen_random_uuid(), 'new_article', 'b1000000-0000-0000-0000-000000000006', NULL, NOW() - INTERVAL '10 days'),
  (gen_random_uuid(), 'new_article', 'b1000000-0000-0000-0000-000000000007', NULL, NOW() - INTERVAL '5 days'),
  (gen_random_uuid(), 'insight', NULL, '编程和哲学的边界比我想象的模糊得多', NOW() - INTERVAL '22 days'),
  (gen_random_uuid(), 'insight', NULL, '图谱的边比节点更重要——关系比概念更有价值', NOW() - INTERVAL '12 days'),
  (gen_random_uuid(), 'insight', NULL, '系统二的介入需要有意为之，默认状态是系统一', NOW() - INTERVAL '8 days');

INSERT INTO reading_trace
  ("Id", "EventType", "ArticleId", "RelatedArticleId", "Note", "OccurredAt")
VALUES
  (gen_random_uuid(), 'manual_link',
   'b1000000-0000-0000-0000-000000000001', 'b1000000-0000-0000-0000-000000000007',
   NULL, NOW() - INTERVAL '4 days'),
  (gen_random_uuid(), 'manual_link',
   'b1000000-0000-0000-0000-000000000005', 'b1000000-0000-0000-0000-000000000006',
   NULL, NOW() - INTERVAL '2 days');
